t,cycle,arm,scenario,seed,route,action,wp_index,dist_to_wp_m,degraded,pos_x,pos_y,pos_z,vel_x,vel_y,vel_z,yaw_deg,has_collided,collision_object,min_obstacle_dist_m,latency_ms_json,slm_invoked,slm_latency_ms,slm_fallback,slm_timeout,slm_adherent,field_izquierda_occ,field_izquierda_ttc_s,field_izquierda_conf,field_izquierda_blocked,field_centro_occ,field_centro_ttc_s,field_centro_conf,field_centro_blocked,field_derecha_occ,field_derecha_ttc_s,field_derecha_conf,field_derecha_blocked
0.1,1,slm,TOWNSIM_CALIB_PILOT,1,reactive,MANTENER_RUMBO,0,23.028657884742774,False,-1.0109678506851196,-50.33580780029297,-21.621047973632812,,,,-89.37,False,,,"{""telemetry"": 0.7, ""graph"": 98.1}",False,,,,,0.0,,0.0,False,0.0,,0.0,False,0.0,,0.0,False
0.374,2,slm,TOWNSIM_CALIB_PILOT,1,reactive,MANTENER_RUMBO,0,22.77001317757467,False,-1.0129057168960571,-50.57211685180664,-21.653242111206055,,,,-89.37,False,,,"{""telemetry"": 0.8, ""graph"": 171.7}",False,,,,,0.0,,0.0,False,0.0,,0.0,False,0.0,,0.0,False
0.598,3,slm,TOWNSIM_CALIB_PILOT,1,girar_90,GIRAR_90,0,22.536171729002298,False,-1.0135562419891357,-50.805625915527344,-21.806833267211914,,,,-89.28,False,,,"{""telemetry"": 0.7, ""graph"": 195.5}",False,,,,,0.072,0.74,0.419,True,0.05,0.16,0.419,True,0.086,0.52,0.419,True
0.759,4,slm,TOWNSIM_CALIB_PILOT,1,evasive,GIRAR_90,0,22.220872469875413,False,-1.012765645980835,-51.069854736328125,-21.98604965209961,,,,-88.98,False,,,"{""telemetry"": 1.1, ""graph"": 156.3}",False,,,,,0.0,,0.0,False,0.0,,0.0,False,0.0,,0.0,False
0.977,5,slm,TOWNSIM_CALIB_PILOT,1,evasive,GIRAR_90,0,21.886730916439475,False,-1.0113389492034912,-51.37746047973633,-22.047122955322266,,,,-87.28,False,,,"{""telemetry"": 0.9, ""graph"": 174.3}",False,,,,,0.0,,0.021,False,0.0,,0.021,False,0.0,,0.021,False
1.115,6,slm,TOWNSIM_CALIB_PILOT,1,evasive,GIRAR_90,0,21.619523399989607,False,-1.0099672079086304,-51.65719985961914,-22.053796768188477,,,,-84.86,False,,,"{""telemetry"": 0.9, ""graph"": 111.6}",False,,,,,0.0,,0.0,False,0.0,,0.0,False,0.0,,0.0,False
1.308,7,slm,TOWNSIM_CALIB_PILOT,1,evasive,GIRAR_90,0,21.400969980037754,False,-1.0090018510818481,-51.85981750488281,-22.060871124267578,,,,-82.27,False,,,"{""telemetry"": 1.0, ""graph"": 104.0}",False,,,,,0.0,,0.0,False,0.0,,0.0,False,0.0,,0.0,False
1.505,8,slm,TOWNSIM_CALIB_PILOT,1,evasive,GIRAR_90,0,21.229368239870105,False,-1.0082634687423706,-52.02188491821289,-22.062559127807617,,,,-79.45,False,,,"{""telemetry"": 0.7, ""graph"": 102.0}",False,,,,,0.0,,0.0,False,0.0,,0.0,False,0.0,,0.0,False
1.723,9,slm,TOWNSIM_CALIB_PILOT,1,reactive,MANTENER_RUMBO,0,21.10209901542405,False,-1.0076820850372314,-52.15337371826172,-22.059165954589844,,,,-76.34,False,,,"{""telemetry"": 0.9, ""graph"": 119.3}",False,,,,,0.0,,0.0,False,0.0,,0.0,False,0.0,,0.0,False
1.905,10,slm,TOWNSIM_CALIB_PILOT,1,reactive,MANTENER_RUMBO,0,21.00593874645072,False,-1.0070750713348389,-52.24046325683594,-22.057838439941406,,,,-73.94,False,,,"{""telemetry"": 0.9, ""graph"": 100.7}",False,,,,,0.0,,0.0,False,0.0,,0.0,False,0.0,,0.0,False
2.167,11,slm,TOWNSIM_CALIB_PILOT,1,reactive,MANTENER_RUMBO,0,20.909080765647367,False,-0.9961016178131104,-52.345333099365234,-22.117515563964844,,,,-72.65,False,,,"{""telemetry"": 0.8, ""graph"": 162.7}",False,,,,,0.0,,0.0,False,0.0,,0.0,False,0.0,,0.0,False
2.391,12,slm,TOWNSIM_CALIB_PILOT,1,reactive,MANTENER_RUMBO,0,20.71786183738849,False,-0.947230875492096,-52.562164306640625,-22.355247497558594,,,,-72.29,False,,,"{""telemetry"": 0.8, ""graph"": 185.9}",False,,,,,0.0,,0.0,False,0.0,,0.0,False,0.0,,0.0,False
2.576,13,slm,TOWNSIM_CALIB_PILOT,1,reactive,MANTENER_RUMBO,0,20.40753874253031,False,-0.882053554058075,-52.808753967285156,-22.552499771118164,,,,-72.52,False,,,"{""telemetry"": 0.8, ""graph"": 171.1}",False,,,,,0.0,,0.0,False,0.0,,0.0,False,0.0,,0.0,False
2.791,14,slm,TOWNSIM_CALIB_PILOT,1,reactive,MANTENER_RUMBO,0,20.056525412973357,False,-0.7815263867378235,-53.16396713256836,-22.752063751220703,,,,-73.11,False,,,"{""telemetry"": 0.8, ""graph"": 185.9}",False,,,,,0.0,,0.0,False,0.0,,0.0,False,0.0,,0.0,False
2.978,15,slm,TOWNSIM_CALIB_PILOT,1,reactive,MANTENER_RUMBO,0,19.658345862839564,False,-0.6731359362602234,-53.53118896484375,-22.916955947875977,,,,-73.78,False,,,"{""telemetry"": 1.0, ""graph"": 171.8}",False,,,,,0.0,,0.0,False,0.0,,0.0,False,0.0,,0.0,False
3.182,16,slm,TOWNSIM_CALIB_PILOT,1,reactive,MANTENER_RUMBO,0,19.213509941440137,False,-0.5484637022018433,-53.94346618652344,-23.076486587524414,,,,-74.53,False,,,"{""telemetry"": 0.7, ""graph"": 175.5}",False,,,,,0.0,,0.0,False,0.0,,0.0,False,0.0,,0.0,False
3.378,17,slm,TOWNSIM_CALIB_PILOT,1,reactive,MANTENER_RUMBO,0,18.743679193575133,False,-0.4101797342300415,-54.39344787597656,-23.233896255493164,,,,-75.31,False,,,"{""telemetry"": 1.6, ""graph"": 170.9}",False,,,,,0.0,,0.0,False,0.0,,0.0,False,0.0,,0.0,False
3.588,18,slm,TOWNSIM_CALIB_PILOT,1,deliberative,FRENAR,0,18.242100330040884,False,-0.2743251323699951,-54.8308219909668,-23.377405166625977,,,,-76.05,False,,,"{""telemetry"": 1.2, ""graph"": 181.0}",False,,,,,0.017,6.3,0.3,False,0.016,1.74,0.3,False,0.015,4.07,0.3,False
3.791,19,slm,TOWNSIM_CALIB_PILOT,1,deliberative,FRENAR,0,17.73022034080538,False,-0.10552414506673813,-55.37027359008789,-23.51509666442871,,,,-76.85,False,,,"{""telemetry"": 1.0, ""graph"": 183.7}",False,,,,,0.0,,0.0,False,0.0,,0.0,False,0.0,,0.0,False
3.988,20,slm,TOWNSIM_CALIB_PILOT,1,deliberative,FRENAR,0,17.25643931483602,False,0.03308413550257683,-55.811424255371094,-23.58580207824707,,,,-77.24,False,,,"{""telemetry"": 0.7, ""graph"": 181.3}",False,,,,,0.0,,0.0,False,0.0,,0.0,False,0.0,,0.0,False
4.196,21,slm,TOWNSIM_CALIB_PILOT,1,deliberative,FRENAR,0,16.85024333037905,False,0.14286300539970398,-56.1596794128418,-23.66352653503418,,,,-77.37,False,,,"{""telemetry"": 1.0, ""graph"": 188.4}",False,,,,,0.0,,0.03,False,0.0,,0.03,False,0.0,,0.03,False
4.383,22,slm,TOWNSIM_CALIB_PILOT,1,deliberative,FRENAR,0,16.535135205247443,False,0.2325206845998764,-56.443267822265625,-23.72031593322754,,,,-77.4,False,,,"{""telemetry"": 1.0, ""graph"": 174.8}",False,,,,,0.0,,0.0,False,0.0,,0.0,False,0.0,,0.0,False
4.563,23,slm,TOWNSIM_CALIB_PILOT,1,deliberative,FRENAR,0,16.29306163123824,False,0.29429054260253906,-56.63818359375,-23.7413330078125,,,,-77.4,False,,,"{""telemetry"": 0.9, ""graph"": 154.5}",False,,,,,0.0,,0.0,False,0.0,,0.0,False,0.0,,0.0,False
4.772,24,slm,TOWNSIM_CALIB_PILOT,1,deliberative,FRENAR,0,16.120808328281726,False,0.35018491744995117,-56.814205169677734,-23.733379364013672,,,,-77.39,False,,,"{""telemetry"": 0.7, ""graph"": 162.9}",False,,,,,0.0,,0.0,False,0.0,,0.0,False,0.0,,0.0,False
4.98,25,slm,TOWNSIM_CALIB_PILOT,1,deliberative,FRENAR,0,15.994381693614784,False,0.39080575108528137,-56.941917419433594,-23.715009689331055,,,,-77.38,False,,,"{""telemetry"": 1.4, ""graph"": 169.7}",False,,,,,0.0,,0.0,False,0.0,,0.0,False,0.0,,0.0,False
5.181,26,slm,TOWNSIM_CALIB_PILOT,1,deliberative,FRENAR,0,15.9038855386646,False,0.42077553272247314,-57.036048889160156,-23.691774368286133,,,,-77.37,False,,,"{""telemetry"": 1.4, ""graph"": 169.7}",False,,,,,0.0,,0.0,False,0.0,,0.0,False,0.0,,0.0,False
5.389,27,slm,TOWNSIM_CALIB_PILOT,1,deliberative,FRENAR,0,15.840667794295001,False,0.44349345564842224,-57.10735321044922,-23.665679931640625,,,,-77.37,False,,,"{""telemetry"": 1.4, ""graph"": 178.2}",False,,,,,0.0,,0.0,False,0.0,,0.0,False,0.0,,0.0,False
5.575,28,slm,TOWNSIM_CALIB_PILOT,1,deliberative,FRENAR,0,15.795863335410367,False,0.4590524137020111,-57.15620040893555,-23.64491081237793,,,,-77.37,False,,,"{""telemetry"": 1.2, ""graph"": 163.6}",False,,,,,0.0,,0.0,False,0.0,,0.0,False,0.0,,0.0,False
5.781,29,slm,TOWNSIM_CALIB_PILOT,1,deliberative,FRENAR,0,15.759481734375743,False,0.47185951471328735,-57.19636917114258,-23.641769409179688,,,,-77.37,False,,,"{""telemetry"": 0.8, ""graph"": 170.0}",False,,,,,0.0,,0.0,False,0.0,,0.0,False,0.0,,0.0,False
5.992,30,slm,TOWNSIM_CALIB_PILOT,1,deliberative,FRENAR,0,15.729992117675394,False,0.4811868965625763,-57.225624084472656,-23.63995361328125,,,,-77.37,False,,,"{""telemetry"": 0.8, ""graph"": 180.6}",False,,,,,0.0,,0.0,False,0.0,,0.0,False,0.0,,0.0,False
6.173,31,slm,TOWNSIM_CALIB_PILOT,1,deliberative,FRENAR,0,15.708207242628314,False,0.4875771403312683,-57.245670318603516,-23.638328552246094,,,,-77.37,False,,,"{""telemetry"": 1.7, ""graph"": 160.6}",False,,,,,0.0,,0.0,False,0.0,,0.0,False,0.0,,0.0,False
6.38,32,slm,TOWNSIM_CALIB_PILOT,1,deliberative,FRENAR,0,15.692314575778136,False,0.49291831254959106,-57.26242446899414,-23.636642456054688,,,,-77.37,False,,,"{""telemetry"": 1.1, ""graph"": 168.0}",False,,,,,0.0,,0.0,False,0.0,,0.0,False,0.0,,0.0,False
6.597,33,slm,TOWNSIM_CALIB_PILOT,1,deliberative,FRENAR,0,15.680392559178244,False,0.4969642162322998,-57.275108337402344,-23.635061264038086,,,,-77.37,False,,,"{""telemetry"": 1.7, ""graph"": 184.0}",False,,,,,0.0,,0.0,False,0.0,,0.0,False,0.0,,0.0,False
6.791,34,slm,TOWNSIM_CALIB_PILOT,1,deliberative,FRENAR,0,15.67183412467867,False,0.4996757507324219,-57.28361129760742,-23.633766174316406,,,,-77.37,False,,,"{""telemetry"": 1.0, ""graph"": 178.2}",False,,,,,0.0,,0.0,False,0.0,,0.0,False,0.0,,0.0,False
6.983,35,slm,TOWNSIM_CALIB_PILOT,1,deliberative,FRENAR,0,15.665320463411057,False,0.5016969442367554,-57.28995132446289,-23.63260269165039,,,,-77.37,False,,,"{""telemetry"": 1.4, ""graph"": 169.5}",False,,,,,0.0,,0.0,False,0.0,,0.0,False,0.0,,0.0,False
7.199,36,slm,TOWNSIM_CALIB_PILOT,1,deliberative,FRENAR,0,15.660599939318415,False,0.50339674949646,-57.295284271240234,-23.631404876708984,,,,-77.37,False,,,"{""telemetry"": 0.9, ""graph"": 186.0}",False,,,,,0.0,,0.0,False,0.0,,0.0,False,0.0,,0.0,False
7.363,37,slm,TOWNSIM_CALIB_PILOT,1,deliberative,FRENAR,0,15.657143738007974,False,0.5045051574707031,-57.29875946044922,-23.63045883178711,,,,-77.37,False,,,"{""telemetry"": 1.0, ""graph"": 149.3}",False,,,,,0.0,,0.0,False,0.0,,0.0,False,0.0,,0.0,False
7.586,38,slm,TOWNSIM_CALIB_PILOT,1,deliberative,FRENAR,0,15.65461584577175,False,0.5054544806480408,-57.30173873901367,-23.62945556640625,,,,-77.37,False,,,"{""telemetry"": 1.2, ""graph"": 172.5}",False,,,,,0.0,,0.049,False,0.0,,0.042,False,0.0,,0.048,False
7.772,39,slm,TOWNSIM_CALIB_PILOT,1,deliberative,FRENAR,0,15.652808780070448,False,0.5060820579528809,-57.3036994934082,-23.62861442565918,,,,-77.37,False,,,"{""telemetry"": 1.0, ""graph"": 157.7}",False,,,,,0.0,,0.019,False,0.0,,0.003,False,0.0,,0.007,False
7.978,40,slm,TOWNSIM_CALIB_PILOT,1,deliberative,FRENAR,0,15.651544185611472,False,0.506597101688385,-57.305320739746094,-23.627748489379883,,,,-77.37,False,,,"{""telemetry"": 1.1, ""graph"": 163.6}",False,,,,,0.0,,0.01,False,0.0,,0.002,False,0.0,,0.002,False
8.134,41,slm,TOWNSIM_CALIB_PILOT,1,deliberative,FRENAR,0,15.650625108425677,False,0.5069296360015869,-57.306358337402344,-23.627073287963867,,,,-77.37,False,,,"{""telemetry"": 0.9, ""graph"": 119.8}",False,,,,,0.0,,0.0,False,0.0,,0.0,False,0.0,,0.0,False
8.383,42,slm,TOWNSIM_CALIB_PILOT,1,deliberative,PERDER_ALTURA,0,15.650012803030483,False,0.5072452425956726,-57.30734634399414,-23.6262149810791,,,,-77.37,False,,,"{""telemetry"": 0.9, ""graph"": 168.8}",True,4659.1,False,False,True,0.0,,0.01,False,0.0,,0.002,False,0.0,,0.002,False
8.58,43,slm,TOWNSIM_CALIB_PILOT,1,reactive,MANTENER_RUMBO,0,15.649419912159283,False,0.5080897212028503,-57.31087875366211,-23.626232147216797,,,,-77.42,False,,,"{""telemetry"": 0.8, ""graph"": 165.3}",False,,,,,0.0,,0.0,False,0.0,,0.0,False,0.0,,0.0,False
8.805,44,slm,TOWNSIM_CALIB_PILOT,1,reactive,MANTENER_RUMBO,0,15.659560962745903,False,0.5148656368255615,-57.34090042114258,-23.512283325195312,,,,-77.52,False,,,"{""telemetry"": 0.8, ""graph"": 190.5}",False,,,,,0.0,,0.0,False,0.0,,0.0,False,0.0,,0.0,False
8.979,45,slm,TOWNSIM_CALIB_PILOT,1,reactive,MANTENER_RUMBO,0,15.629692002221978,False,0.5382134318351746,-57.445411682128906,-23.550386428833008,,,,-77.92,False,,,"{""telemetry"": 0.7, ""graph"": 164.2}",False,,,,,0.0,,0.0,False,0.0,,0.0,False,0.0,,0.0,False
9.19,46,slm,TOWNSIM_CALIB_PILOT,1,reactive,MANTENER_RUMBO,0,15.387127157904189,False,0.595434844493866,-57.70207595825195,-23.797624588012695,,,,-78.67,False,,,"{""telemetry"": 0.9, ""graph"": 174.7}",False,,,,,0.0,,0.0,False,0.0,,0.0,False,0.0,,0.0,False
9.418,47,slm,TOWNSIM_CALIB_PILOT,1,deliberative,FRENAR,0,15.010831131666707,False,0.6675326824188232,-58.02564239501953,-24.0435733795166,,,,-79.48,False,,,"{""telemetry"": 1.3, ""graph"": 201.7}",True,4659.1,False,False,True,0.02,2.89,0.3,False,0.019,0.83,0.3,False,0.014,2.27,0.3,False
9.606,48,slm,TOWNSIM_CALIB_PILOT,1,deliberative,FRENAR,0,14.58106733942805,False,0.7549465894699097,-58.417930603027344,-24.24393081665039,,,,-80.24,False,,,"{""telemetry"": 0.9, ""graph"": 184.0}",True,4659.1,False,False,True,0.0,,0.0,False,0.0,,0.0,False,0.0,,0.0,False
9.829,49,slm,TOWNSIM_CALIB_PILOT,1,deliberative,FRENAR,0,14.192233798899366,False,0.8372077345848083,-58.78679275512695,-24.3084659576416,,,,-80.64,False,,,"{""telemetry"": 0.9, ""graph"": 206.3}",True,4659.1,False,False,True,0.104,1.12,0.377,True,0.0,0.38,0.377,True,0.0,0.65,0.377,True
10.008,50,slm,TOWNSIM_CALIB_PILOT,1,deliberative,FRENAR,0,13.85827657795582,False,0.9058613181114197,-59.094120025634766,-24.36904525756836,,,,-80.8,False,,,"{""telemetry"": 0.7, ""graph"": 176.4}",True,4659.1,False,False,True,0.0,,0.0,False,0.0,,0.0,False,0.0,,0.0,False
10.199,51,slm,TOWNSIM_CALIB_PILOT,1,deliberative,FRENAR,0,13.596503190217136,False,0.9572166800498962,-59.32363510131836,-24.39432144165039,,,,-80.86,False,,,"{""telemetry"": 0.9, ""graph"": 166.4}",True,4659.1,False,False,True,0.0,,0.0,False,0.0,,0.0,False,0.0,,0.0,False
10.416,52,slm,TOWNSIM_CALIB_PILOT,1,deliberative,FRENAR,0,13.409882579559698,False,1.0016580820083618,-59.521934509277344,-24.3818302154541,,,,-80.87,False,,,"{""telemetry"": 2.1, ""graph"": 182.5}",True,4659.1,False,False,True,0.0,,0.0,False,0.0,,0.0,False,0.0,,0.0,False
10.614,53,slm,TOWNSIM_CALIB_PILOT,1,deliberative,FRENAR,0,13.272083889637665,False,1.0319792032241821,-59.657047271728516,-24.361539840698242,,,,-80.88,False,,,"{""telemetry"": 0.8, ""graph"": 180.9}",True,4659.1,False,False,True,0.0,,0.0,False,0.0,,0.0,False,0.0,,0.0,False
10.807,54,slm,TOWNSIM_CALIB_PILOT,1,deliberative,FRENAR,0,13.174463354049252,False,1.0554193258285522,-59.76139831542969,-24.336496353149414,,,,-80.88,False,,,"{""telemetry"": 1.0, ""graph"": 173.9}",True,4659.1,False,False,True,0.0,,0.0,False,0.0,,0.0,False,0.0,,0.0,False
11.006,55,slm,TOWNSIM_CALIB_PILOT,1,deliberative,FRENAR,0,13.105074110292321,False,1.0742543935775757,-59.84518814086914,-24.312753677368164,,,,-80.88,False,,,"{""telemetry"": 1.3, ""graph"": 172.1}",True,4659.1,False,False,True,0.0,,0.0,False,0.0,,0.0,False,0.0,,0.0,False
11.206,56,slm,TOWNSIM_CALIB_PILOT,1,deliberative,FRENAR,0,13.049514154533721,False,1.0869380235671997,-59.90159606933594,-24.307472229003906,,,,-80.87,False,,,"{""telemetry"": 0.9, ""graph"": 171.9}",True,4659.1,False,False,True,0.0,,0.0,False,0.0,,0.0,False,0.0,,0.0,False
11.385,57,slm,TOWNSIM_CALIB_PILOT,1,deliberative,FRENAR,0,13.007146958957577,False,1.0961250066757202,-59.94243240356445,-24.30331802368164,,,,-80.87,False,,,"{""telemetry"": 0.8, ""graph"": 151.2}",True,4659.1,False,False,True,0.0,,0.0,False,0.0,,0.0,False,0.0,,0.0,False
11.592,58,slm,TOWNSIM_CALIB_PILOT,1,deliberative,FRENAR,0,12.975445718923169,False,1.1038553714752197,-59.97678756713867,-24.298988342285156,,,,-80.87,False,,,"{""telemetry"": 0.8, ""graph"": 158.0}",True,4659.1,False,False,True,0.0,,0.0,False,0.0,,0.0,False,0.0,,0.0,False
11.796,59,slm,TOWNSIM_CALIB_PILOT,1,deliberative,FRENAR,0,12.952431077743105,False,1.1095246076583862,-60.00198745727539,-24.29517936706543,,,,-80.87,False,,,"{""telemetry"": 1.0, ""graph"": 161.5}",True,4659.1,False,False,True,0.0,,0.0,False,0.0,,0.0,False,0.0,,0.0,False
12.001,60,slm,TOWNSIM_CALIB_PILOT,1,deliberative,FRENAR,0,12.935206291429322,False,1.113808274269104,-60.02103042602539,-24.291807174682617,,,,-80.87,False,,,"{""telemetry"": 1.3, ""graph"": 165.4}",True,4659.1,False,False,True,0.0,,0.0,False,0.0,,0.0,False,0.0,,0.0,False
12.209,61,slm,TOWNSIM_CALIB_PILOT,1,deliberative,FRENAR,0,12.922721122636474,False,1.1170697212219238,-60.03553009033203,-24.288820266723633,,,,-80.87,False,,,"{""telemetry"": 1.1, ""graph"": 173.2}",True,4659.1,False,False,True,0.0,,0.0,False,0.0,,0.0,False,0.0,,0.0,False
12.391,62,slm,TOWNSIM_CALIB_PILOT,1,deliberative,FRENAR,0,12.9139584874805,False,1.1191819906234741,-60.044918060302734,-24.280424118041992,,,,-80.87,False,,,"{""telemetry"": 0.9, ""graph"": 156.2}",True,4659.1,False,False,True,0.0,,0.0,False,0.0,,0.0,False,0.0,,0.0,False
12.599,63,slm,TOWNSIM_CALIB_PILOT,1,deliberative,FRENAR,0,12.913213619065958,False,1.121008038520813,-60.05303955078125,-24.263748168945312,,,,-80.87,False,,,"{""telemetry"": 1.0, ""graph"": 163.8}",True,4659.1,False,False,True,0.0,,0.0,False,0.0,,0.0,False,0.0,,0.0,False
12.804,64,slm,TOWNSIM_CALIB_PILOT,1,deliberative,FRENAR,0,12.913848646113802,False,1.1223838329315186,-60.059146881103516,-24.249794006347656,,,,-80.87,False,,,"{""telemetry"": 1.0, ""graph"": 168.6}",True,4659.1,False,False,True,0.0,,0.0,False,0.0,,0.0,False,0.0,,0.0,False
13.013,65,slm,TOWNSIM_CALIB_PILOT,1,deliberative,PERDER_ALTURA,0,12.914773836987372,False,1.1234153509140015,-60.06373596191406,-24.2383975982666,,,,-80.87,False,,,"{""telemetry"": 1.0, ""graph"": 176.6}",True,3519.7,False,False,True,0.0,,0.0,False,0.0,,0.0,False,0.0,,0.0,False
13.193,66,slm,TOWNSIM_CALIB_PILOT,1,reactive,MANTENER_RUMBO,0,12.91733448731782,False,1.1242353916168213,-60.067626953125,-24.19427490234375,,,,-80.87,False,,,"{""telemetry"": 0.7, ""graph"": 156.9}",False,,,,,0.0,,0.0,False,0.0,,0.0,False,0.0,,0.0,False
13.405,67,slm,TOWNSIM_CALIB_PILOT,1,reactive,MANTENER_RUMBO,0,12.961482619589523,False,1.129106879234314,-60.09681701660156,-24.078449249267578,,,,-80.99,False,,,"{""telemetry"": 0.7, ""graph"": 169.0}",False,,,,,0.0,,0.0,False,0.0,,0.0,False,0.0,,0.0,False
13.592,68,slm,TOWNSIM_CALIB_PILOT,1,reactive,MANTENER_RUMBO,0,12.902072567541321,False,1.1489455699920654,-60.21976089477539,-24.165847778320312,,,,-81.46,False,,,"{""telemetry"": 0.9, ""graph"": 154.9}",False,,,,,0.0,,0.0,False,0.0,,0.0,False,0.0,,0.0,False
13.808,69,slm,TOWNSIM_CALIB_PILOT,1,reactive,MANTENER_RUMBO,0,12.621397955380564,False,1.193180799484253,-60.49494552612305,-24.447513580322266,,,,-82.23,False,,,"{""telemetry"": 0.7, ""graph"": 171.7}",False,,,,,0.0,,0.0,False,0.0,,0.0,False,0.0,,0.0,False
13.999,70,slm,TOWNSIM_CALIB_PILOT,1,reactive,MANTENER_RUMBO,0,12.23714581154893,False,1.2441020011901855,-60.81193161010742,-24.68758773803711,,,,-83.0,False,,,"{""telemetry"": 0.8, ""graph"": 161.8}",False,,,,,0.0,,0.0,False,0.0,,0.0,False,0.0,,0.0,False
14.209,71,slm,TOWNSIM_CALIB_PILOT,1,reactive,MANTENER_RUMBO,0,11.806287192055287,False,1.3081445693969727,-61.2105598449707,-24.88835906982422,,,,-83.73,False,,,"{""telemetry"": 1.1, ""graph"": 171.3}",False,,,,,0.0,,0.0,False,0.0,,0.0,False,0.0,,0.0,False
14.412,72,slm,TOWNSIM_CALIB_PILOT,1,reactive,MANTENER_RUMBO,0,11.420727832146166,False,1.3646272420883179,-61.56174087524414,-24.951751708984375,,,,-84.09,False,,,"{""telemetry"": 1.0, ""graph"": 173.9}",False,,,,,0.0,,0.0,False,0.0,,0.0,False,0.0,,0.0,False
14.631,73,slm,TOWNSIM_CALIB_PILOT,1,reactive,MANTENER_RUMBO,0,11.100326119294863,False,1.4218231439590454,-61.91653823852539,-25.012453079223633,,,,-84.26,False,,,"{""telemetry"": 0.9, ""graph"": 192.9}",False,,,,,0.0,,0.0,False,0.0,,0.0,False,0.0,,0.0,False
14.809,74,slm,TOWNSIM_CALIB_PILOT,1,reactive,MANTENER_RUMBO,0,10.846361146311125,False,1.4551864862442017,-62.12300491333008,-25.033483505249023,,,,-84.3,False,,,"{""telemetry"": 1.2, ""graph"": 170.8}",False,,,,,0.0,,0.0,False,0.0,,0.0,False,0.0,,0.0,False
15.004,75,slm,TOWNSIM_CALIB_PILOT,1,reactive,MANTENER_RUMBO,0,10.659296785987216,False,1.484494686126709,-62.303993225097656,-25.041006088256836,,,,-84.32,False,,,"{""telemetry"": 0.8, ""graph"": 165.6}",False,,,,,0.0,,0.0,False,0.0,,0.0,False,0.0,,0.0,False
15.198,76,slm,TOWNSIM_CALIB_PILOT,1,reactive,MANTENER_RUMBO,0,10.520861146194152,False,1.5065809488296509,-62.44013595581055,-25.03641700744629,,,,-84.32,False,,,"{""telemetry"": 1.0, ""graph"": 159.6}",False,,,,,0.0,,0.0,False,0.0,,0.0,False,0.0,,0.0,False
15.403,77,slm,TOWNSIM_CALIB_PILOT,1,reactive,MANTENER_RUMBO,0,10.4231540777328,False,1.524311900138855,-62.54927062988281,-25.023366928100586,,,,-84.32,False,,,"{""telemetry"": 1.0, ""graph"": 164.5}",False,,,,,0.0,,0.0,False,0.0,,0.0,False,0.0,,0.0,False
15.621,78,slm,TOWNSIM_CALIB_PILOT,1,reactive,MANTENER_RUMBO,0,10.35397561339591,False,1.5383610725402832,-62.63566207885742,-25.003929138183594,,,,-84.32,False,,,"{""telemetry"": 0.9, ""graph"": 181.3}",False,,,,,0.0,,0.0,False,0.0,,0.0,False,0.0,,0.0,False
15.817,79,slm,TOWNSIM_CALIB_PILOT,1,reactive,MANTENER_RUMBO,0,10.305231348075182,False,1.5477426052093506,-62.69332504272461,-24.983659744262695,,,,-84.32,False,,,"{""telemetry"": 1.0, ""graph"": 177.2}",False,,,,,0.0,,0.0,False,0.0,,0.0,False,0.0,,0.0,False
16.002,80,slm,TOWNSIM_CALIB_PILOT,1,reactive,MANTENER_RUMBO,0,10.27240005423579,False,1.5542176961898804,-62.733089447021484,-24.963987350463867,,,,-84.32,False,,,"{""telemetry"": 0.9, ""graph"": 162.1}",False,,,,,0.0,,0.0,False,0.0,,0.0,False,0.0,,0.0,False
16.22,81,slm,TOWNSIM_CALIB_PILOT,1,reactive,MANTENER_RUMBO,0,10.25149986113425,False,1.5599777698516846,-62.76847839355469,-24.939847946166992,,,,-84.32,False,,,"{""telemetry"": 1.0, ""graph"": 179.7}",False,,,,,0.0,,0.0,False,0.0,,0.0,False,0.0,,0.0,False
16.427,82,slm,TOWNSIM_CALIB_PILOT,1,reactive,MANTENER_RUMBO,0,10.238141783831347,False,1.5648188591003418,-62.80183792114258,-24.953630447387695,,,,-84.43,False,,,"{""telemetry"": 1.2, ""graph"": 186.4}",False,,,,,0.0,,0.0,False,0.0,,0.0,False,0.0,,0.0,False
16.626,83,slm,TOWNSIM_CALIB_PILOT,1,reactive,MANTENER_RUMBO,0,10.13108250549392,False,1.577933669090271,-62.924259185791016,-25.163490295410156,,,,-84.96,False,,,"{""telemetry"": 1.1, ""graph"": 185.1}",False,,,,,0.0,,0.0,False,0.0,,0.0,False,0.0,,0.0,False
16.829,84,slm,TOWNSIM_CALIB_PILOT,1,reactive,MANTENER_RUMBO,0,9.842695959879988,False,1.600276231765747,-63.142799377441406,-25.428295135498047,,,,-85.68,False,,,"{""telemetry"": 1.0, ""graph"": 187.7}",False,,,,,0.006,22.69,0.167,False,0.005,21.11,0.167,False,0.006,9.65,0.167,False
17.023,85,slm,TOWNSIM_CALIB_PILOT,1,reactive,MANTENER_RUMBO,0,9.489880654593414,False,1.6297285556793213,-63.434417724609375,-25.664968490600586,,,,-86.48,False,,,"{""telemetry"": 1.2, ""graph"": 181.3}",False,,,,,0.0,,0.001,False,0.0,,0.001,False,0.0,,0.001,False
17.223,86,slm,TOWNSIM_CALIB_PILOT,1,reactive,MANTENER_RUMBO,0,9.093232865509233,False,1.6685988903045654,-63.821292877197266,-25.86943244934082,,,,-87.26,False,,,"{""telemetry"": 1.0, ""graph"": 181.6}",False,,,,,0.0,,0.0,False,0.0,,0.0,False,0.0,,0.0,False
17.409,87,slm,TOWNSIM_CALIB_PILOT,1,reactive,MANTENER_RUMBO,0,8.721627229562642,False,1.702194333076477,-64.15563201904297,-25.919147491455078,,,,-87.65,False,,,"{""telemetry"": 1.2, ""graph"": 167.4}",False,,,,,0.0,,0.0,False,0.0,,0.0,False,0.0,,0.0,False
17.613,88,slm,TOWNSIM_CALIB_PILOT,1,reactive,MANTENER_RUMBO,0,8.423760896295642,False,1.7340514659881592,-64.47186279296875,-25.9580135345459,,,,-87.83,False,,,"{""telemetry"": 1.0, ""graph"": 170.9}",False,,,,,0.0,,0.0,False,0.0,,0.0,False,0.0,,0.0,False
17.827,89,slm,TOWNSIM_CALIB_PILOT,1,reactive,MANTENER_RUMBO,0,8.186902726919726,False,1.7593472003936768,-64.72210693359375,-25.97233772277832,,,,-87.89,False,,,"{""telemetry"": 0.9, ""graph"": 185.0}",False,,,,,0.0,,0.0,False,0.0,,0.0,False,0.0,,0.0,False
18.001,90,slm,TOWNSIM_CALIB_PILOT,1,reactive,MANTENER_RUMBO,0,8.013094945959294,False,1.7748864889144897,-64.8753433227539,-25.972116470336914,,,,-87.91,False,,,"{""telemetry"": 1.0, ""graph"": 158.0}",False,,,,,0.0,,0.0,False,0.0,,0.0,False,0.0,,0.0,False
18.203,91,slm,TOWNSIM_CALIB_PILOT,1,reactive,MANTENER_RUMBO,0,7.8852565757592785,False,1.7897075414657593,-65.02110290527344,-25.961795806884766,,,,-87.91,False,,,"{""telemetry"": 1.3, ""graph"": 160.0}",False,,,,,0.0,,0.0,False,0.0,,0.0,False,0.0,,0.0,False
18.418,92,slm,TOWNSIM_CALIB_PILOT,1,reactive,MANTENER_RUMBO,0,7.79579268858375,False,1.8007794618606567,-65.12975311279297,-25.944669723510742,,,,-87.91,False,,,"{""telemetry"": 1.0, ""graph"": 174.3}",False,,,,,0.0,,0.0,False,0.0,,0.0,False,0.0,,0.0,False
18.619,93,slm,TOWNSIM_CALIB_PILOT,1,reactive,MANTENER_RUMBO,0,7.732341711173423,False,1.8090112209320068,-65.21040344238281,-25.92390251159668,,,,-87.91,False,,,"{""telemetry"": 1.5, ""graph"": 174.8}",False,,,,,0.0,,0.0,False,0.0,,0.0,False,0.0,,0.0,False
18.811,94,slm,TOWNSIM_CALIB_PILOT,1,reactive,MANTENER_RUMBO,0,7.689570961300086,False,1.8144193887710571,-65.26335906982422,-25.90435218811035,,,,-87.91,False,,,"{""telemetry"": 1.1, ""graph"": 166.7}",False,,,,,0.0,,0.0,False,0.0,,0.0,False,0.0,,0.0,False
19.014,95,slm,TOWNSIM_CALIB_PILOT,1,reactive,MANTENER_RUMBO,0,7.66058520243568,False,1.8190399408340454,-65.3085708618164,-25.88819694519043,,,,-87.91,False,,,"{""telemetry"": 1.2, ""graph"": 169.5}",False,,,,,0.0,,0.0,False,0.0,,0.0,False,0.0,,0.0,False
19.223,96,slm,TOWNSIM_CALIB_PILOT,1,reactive,MANTENER_RUMBO,0,7.633326883070937,False,1.8225553035736084,-65.34295654296875,-25.886913299560547,,,,-87.91,False,,,"{""telemetry"": 2.1, ""graph"": 177.7}",False,,,,,0.0,,0.0,False,0.0,,0.0,False,0.0,,0.0,False
19.424,97,slm,TOWNSIM_CALIB_PILOT,1,reactive,MANTENER_RUMBO,0,7.6115847157737955,False,1.825065016746521,-65.36749267578125,-25.88602066040039,,,,-87.91,False,,,"{""telemetry"": 1.3, ""graph"": 178.4}",False,,,,,0.0,,0.0,False,0.0,,0.0,False,0.0,,0.0,False
19.631,98,slm,TOWNSIM_CALIB_PILOT,1,reactive,MANTENER_RUMBO,0,7.5965633384663995,False,1.826823353767395,-65.3851547241211,-25.85213279724121,,,,-87.9,False,,,"{""telemetry"": 1.4, ""graph"": 185.3}",False,,,,,0.0,,0.0,False,0.0,,0.0,False,0.0,,0.0,False
19.81,99,slm,TOWNSIM_CALIB_PILOT,1,reactive,MANTENER_RUMBO,0,7.641498330470946,False,1.8286943435668945,-65.41193389892578,-25.718292236328125,,,,-87.94,False,,,"{""telemetry"": 1.1, ""graph"": 164.6}",False,,,,,0.0,,0.0,False,0.0,,0.0,False,0.0,,0.0,False
20.008,100,slm,TOWNSIM_CALIB_PILOT,1,reactive,MANTENER_RUMBO,0,7.629159796045603,False,1.833364486694336,-65.52076721191406,-25.71844482421875,,,,-88.4,False,,,"{""telemetry"": 1.2, ""graph"": 161.5}",False,,,,,0.0,,0.0,False,0.0,,0.0,False,0.0,,0.0,False
20.197,101,slm,TOWNSIM_CALIB_PILOT,1,reactive,MANTENER_RUMBO,0,7.38919521248098,False,1.8423246145248413,-65.75428009033203,-25.92974281311035,,,,-89.17,False,,,"{""telemetry"": 1.1, ""graph"": 150.3}",False,,,,,0.0,,0.0,False,0.0,,0.0,False,0.0,,0.0,False
20.4,102,slm,TOWNSIM_CALIB_PILOT,1,reactive,MANTENER_RUMBO,0,7.000531008285377,False,1.8546193838119507,-66.08214569091797,-26.18522071838379,,,,-90.1,False,,,"{""telemetry"": 1.4, ""graph"": 152.3}",False,,,,,0.0,,0.0,False,0.0,,0.0,False,0.0,,0.0,False
20.627,103,slm,TOWNSIM_CALIB_PILOT,1,deliberative,FRENAR,0,6.581671988099741,False,1.8688318729400635,-66.46401977539062,-26.409717559814453,,,,-91.08,False,,,"{""telemetry"": 0.9, ""graph"": 179.9}",True,3519.7,False,False,True,0.023,2.4,0.3,False,0.023,0.78,0.3,False,0.024,2.16,0.3,False
20.822,104,slm,TOWNSIM_CALIB_PILOT,1,deliberative,FRENAR,0,6.138440928048764,False,1.8854280710220337,-66.9110336303711,-26.616472244262695,,,,-92.07,False,,,"{""telemetry"": 0.9, ""graph"": 174.6}",True,3519.7,False,False,True,0.0,,0.0,False,0.0,,0.0,False,0.0,,0.0,False
21.028,105,slm,TOWNSIM_CALIB_PILOT,1,deliberative,FRENAR,0,5.728158931091855,False,1.9022138118743896,-67.36134338378906,-26.705408096313477,,,,-92.71,False,,,"{""telemetry"": 0.9, ""graph"": 179.7}",True,3519.7,False,False,True,0.0,,0.0,False,0.0,,0.0,False,0.0,,0.0,False
21.208,106,slm,TOWNSIM_CALIB_PILOT,1,deliberative,FRENAR,0,5.390167818316116,False,1.9148105382919312,-67.69532775878906,-26.775653839111328,,,,-92.94,False,,,"{""telemetry"": 1.4, ""graph"": 159.4}",True,3519.7,False,False,True,0.0,,0.0,False,0.0,,0.0,False,0.0,,0.0,False
21.387,107,slm,TOWNSIM_CALIB_PILOT,1,deliberative,FRENAR,0,5.129693549322032,False,1.9251362085342407,-67.96540069580078,-26.817392349243164,,,,-93.02,False,,,"{""telemetry"": 0.8, ""graph"": 138.5}",True,3519.7,False,False,True,0.0,,0.0,False,0.0,,0.0,False,0.0,,0.0,False
21.597,108,slm,TOWNSIM_CALIB_PILOT,1,deliberative,FRENAR,0,4.940896960022648,False,1.934212327003479,-68.19928741455078,-26.834951400756836,,,,-93.04,False,,,"{""telemetry"": 0.7, ""graph"": 148.4}",True,3519.7,False,False,True,0.0,,0.0,False,0.0,,0.0,False,0.0,,0.0,False
21.807,109,slm,TOWNSIM_CALIB_PILOT,1,deliberative,FRENAR,0,4.8120593746026845,False,1.941148042678833,-68.3754653930664,-26.83355140686035,,,,-93.04,False,,,"{""telemetry"": 1.0, ""graph"": 157.8}",True,3519.7,False,False,True,0.0,,0.0,False,0.0,,0.0,False,0.0,,0.0,False
21.979,110,slm,TOWNSIM_CALIB_PILOT,1,deliberative,FRENAR,0,4.723831108509419,False,1.9458492994308472,-68.49359130859375,-26.82248878479004,,,,-93.03,False,,,"{""telemetry"": 0.9, ""graph"": 129.9}",True,3519.7,False,False,True,0.0,,0.0,False,0.0,,0.0,False,0.0,,0.0,False
22.213,111,slm,TOWNSIM_CALIB_PILOT,1,deliberative,FRENAR,0,4.667063547518642,False,1.9501028060913086,-68.59966278076172,-26.802183151245117,,,,-93.03,False,,,"{""telemetry"": 1.1, ""graph"": 163.0}",True,3519.7,False,False,True,0.0,,0.0,False,0.0,,0.0,False,0.0,,0.0,False
22.386,112,slm,TOWNSIM_CALIB_PILOT,1,deliberative,FRENAR,0,4.631054847671097,False,1.952807903289795,-68.66676330566406,-26.781494140625,,,,-93.03,False,,,"{""telemetry"": 0.9, ""graph"": 136.4}",True,3519.7,False,False,True,0.0,,0.0,False,0.0,,0.0,False,0.0,,0.0,False
22.603,113,slm,TOWNSIM_CALIB_PILOT,1,deliberative,FRENAR,0,4.610487417062399,False,1.9550509452819824,-68.72221374511719,-26.75682830810547,,,,-93.02,False,,,"{""telemetry"": 0.9, ""graph"": 152.0}",True,3519.7,False,False,True,0.0,,0.0,False,0.0,,0.0,False,0.0,,0.0,False
22.812,114,slm,TOWNSIM_CALIB_PILOT,1,deliberative,FRENAR,0,4.600967472788543,False,1.9567406177520752,-68.7639389038086,-26.730653762817383,,,,-93.02,False,,,"{""telemetry"": 1.0, ""graph"": 160.7}",True,3519.7,False,False,True,0.0,,0.0,False,0.0,,0.0,False,0.0,,0.0,False
22.991,115,slm,TOWNSIM_CALIB_PILOT,1,deliberative,FRENAR,0,4.599128123646553,False,1.9578813314437866,-68.79206085205078,-26.706621170043945,,,,-93.02,False,,,"{""telemetry"": 1.0, ""graph"": 139.4}",True,3519.7,False,False,True,0.0,,0.0,False,0.0,,0.0,False,0.0,,0.0,False
23.208,116,slm,TOWNSIM_CALIB_PILOT,1,deliberative,FRENAR,0,4.602912161416172,False,1.9588701725006104,-68.81640625,-26.679977416992188,,,,-93.02,False,,,"{""telemetry"": 0.9, ""graph"": 156.1}",True,3519.7,False,False,True,0.0,,0.0,False,0.0,,0.0,False,0.0,,0.0,False
23.413,117,slm,TOWNSIM_CALIB_PILOT,1,deliberative,FRENAR,0,4.6059148772158,False,1.959552526473999,-68.83323669433594,-26.662952423095703,,,,-93.02,False,,,"{""telemetry"": 1.5, ""graph"": 160.2}",True,3519.7,False,False,True,0.0,,0.0,False,0.0,,0.0,False,0.0,,0.0,False
23.596,118,slm,TOWNSIM_CALIB_PILOT,1,deliberative,FRENAR,0,4.608266571126567,False,1.9600131511688232,-68.84461212158203,-26.65068244934082,,,,-93.02,False,,,"{""telemetry"": 1.2, ""graph"": 143.4}",True,3519.7,False,False,True,0.0,,0.0,False,0.0,,0.0,False,0.0,,0.0,False
23.854,119,slm,TOWNSIM_CALIB_PILOT,1,deliberative,FRENAR,0,4.610798954008149,False,1.9604716300964355,-68.85592651367188,-26.637306213378906,,,,-93.02,False,,,"{""telemetry"": 2.3, ""graph"": 200.0}",True,3519.7,False,False,True,0.0,,0.0,False,0.0,,0.0,False,0.0,,0.0,False
24.006,120,slm,TOWNSIM_CALIB_PILOT,1,deliberative,MANTENER_RUMBO,0,4.613347310918093,False,1.9606772661209106,-68.86100769042969,-26.6307430267334,,,,-93.02,False,,,"{""telemetry"": 0.9, ""graph"": 148.8}",True,3322.2,False,False,True,0.0,,0.0,False,0.0,,0.0,False,0.0,,0.0,False
24.225,121,slm,TOWNSIM_CALIB_PILOT,1,reactive,MANTENER_RUMBO,0,4.615691873994518,False,1.9608591794967651,-68.86767578125,-26.629777908325195,,,,-93.08,False,,,"{""telemetry"": 0.8, ""graph"": 167.3}",False,,,,,0.0,,0.0,False,0.0,,0.0,False,0.0,,0.0,False
24.446,122,slm,TOWNSIM_CALIB_PILOT,1,reactive,MANTENER_RUMBO,0,4.549685973069983,False,1.9574527740478516,-68.9378890991211,-26.798295974731445,,,,-93.99,False,,,"{""telemetry"": 0.9, ""graph"": 188.3}",False,,,,,0.0,,0.0,False,0.0,,0.0,False,0.0,,0.0,False
24.634,123,slm,TOWNSIM_CALIB_PILOT,1,reactive,MANTENER_RUMBO,0,4.296270155639286,False,1.9489871263504028,-69.10077667236328,-27.046581268310547,,,,-95.35,False,,,"{""telemetry"": 0.9, ""graph"": 175.9}",False,,,,,0.0,,0.0,False,0.0,,0.0,False,0.0,,0.0,False
24.843,124,slm,TOWNSIM_CALIB_PILOT,1,reactive,MANTENER_RUMBO,0,3.9804052190171078,False,1.9350781440734863,-69.36573028564453,-27.298585891723633,,,,-97.09,False,,,"{""telemetry"": 1.0, ""graph"": 184.2}",False,,,,,0.0,,0.0,False,0.0,,0.0,False,0.0,,0.0,False
25.03,125,slm,TOWNSIM_CALIB_PILOT,1,reactive,MANTENER_RUMBO,0,3.6502809877010094,False,1.9192601442337036,-69.6653823852539,-27.49561882019043,,,,-98.74,False,,,"{""telemetry"": 0.9, ""graph"": 171.7}",False,,,,,0.0,,0.0,False,0.0,,0.0,False,0.0,,0.0,False
25.226,126,slm,TOWNSIM_CALIB_PILOT,1,reactive,FRENAR,1,0.0,False,1.8988219499588013,-70.00990295410156,-27.664539337158203,,,,-100.53,False,,,"{""telemetry"": 0.9, ""graph"": 166.9}",False,,,,,0.0,,0.0,False,0.0,,0.0,False,0.0,,0.0,False
